{"assets":[],"layers":[{"ddd":0,"ind":0,"ty":1,"nm":"N","ks":{"o":{"k":0},"r":{"k":[{"i":{"x":[0.833],"y":[0.833]},"o":{"x":[0.167],"y":[0.167]},"n":["0p833_0p833_0p167_0p167"],"t":-10.801,"s":[-111.167],"e":[-111.167]},{"i":{"x":[0.833],"y":[0.833]},"o":{"x":[0.167],"y":[0.167]},"n":["0p833_0p833_0p167_0p167"],"t":4,"s":[-111.167],"e":[-19.9]},{"i":{"x":[0.833],"y":[0.833]},"o":{"x":[0.167],"y":[0.167]},"n":["0p833_0p833_0p167_0p167"],"t":43.5,"s":[-19.9],"e":[0]},{"t":49.19921875}]},"p":{"k":[{"i":{"x":0.833,"y":0.833},"o":{"x":0.167,"y":0.167},"n":"0p833_0p833_0p167_0p167","t":-10.801,"s":[-96.734,47.401,0],"e":[-31.369,31.877,0],"to":[45.0456504821777,-41.7948608398438,0],"ti":[-17.7793006896973,-2.18895292282104,0]},{"i":{"x":0.833,"y":0.833},"o":{"x":0.167,"y":0.167},"n":"0p833_0p833_0p167_0p167","t":4,"s":[-31.369,31.877,0],"e":[9.942,60.534,0],"to":[17.7793006896973,2.18895292282104,0],"ti":[0,0,0]},{"i":{"x":0.833,"y":0.833},"o":{"x":0.167,"y":0.167},"n":"0p833_0p833_0p167_0p167","t":43.5,"s":[9.942,60.534,0],"e":[9.942,60.534,0],"to":[0,0,0],"ti":[0,0,0]},{"t":49.19921875}]},"a":{"k":[60,60,0]},"s":{"k":[36.267,36.267,100]}},"ao":0,"sw":120,"sh":120,"sc":"#ffffff","ip":0,"op":564,"st":-18,"bm":0,"sr":1},{"ddd":0,"ind":1,"ty":4,"nm":"W1","parent":10,"ks":{"o":{"k":[{"t":0,"s":[0],"h":1},{"t":312,"s":[100],"h":1},{"t":352,"s":[0],"h":1}]},"r":{"k":0},"p":{"k":[70.893,91.979,0]},"a":{"k":[0,0,0]},"s":{"k":[73.529,73.529,100]}},"ao":0,"shapes":[{"ty":"gr","it":[{"ind":0,"ty":"sh","ks":{"k":{"i":[[0,0],[0,0]],"o":[[0,0],[0,0]],"v":[[22.833,-107],[43.833,-107]],"c":false}},"nm":"Path 2"},{"ty":"st","fillEnabled":true,"c":{"k":[0.34,0.35,0.36,1]},"o":{"k":100},"w":{"k":5},"lc":2,"lj":1,"ml":4,"nm":"Stroke 1"},{"ty":"tr","p":{"k":[0,0],"ix":2},"a":{"k":[0,0],"ix":1},"s":{"k":[100,100],"ix":3},"r":{"k":0,"ix":6},"o":{"k":100,"ix":7},"sk":{"k":0,"ix":4},"sa":{"k":0,"ix":5},"nm":"Transform"}],"nm":"Shape 1"}],"ip":312,"op":354,"st":-18,"bm":0,"sr":1},{"ddd":0,"ind":2,"ty":4,"nm":"W2","parent":5,"ks":{"o":{"k":[{"t":0,"s":[0],"h":1},{"t":312,"s":[100],"h":1},{"t":352,"s":[0],"h":1}]},"r":{"k":0},"p":{"k":[70.893,35.572,0]},"a":{"k":[70.893,35.572,0]},"s":{"k":[100,100,100]}},"ao":0,"shapes":[{"ty":"gr","it":[{"ind":0,"ty":"sh","ks":{"k":{"i":[[0,2.439],[0,0],[-2.439,0],[0,0],[0,-2.44],[0,0],[2.439,0],[0,0]],"o":[[0,0],[0,-2.44],[0,0],[2.439,0],[0,0],[0,2.439],[0,0],[-2.439,0]],"v":[[-4.462,0.044],[-4.462,-0.045],[-0.045,-4.462],[0.045,-4.462],[4.462,-0.045],[4.462,0.044],[0.045,4.462],[-0.045,4.462]],"c":true}},"nm":"Path 1"},{"ty":"fl","fillEnabled":true,"c":{"k":[0.34,0.35,0.36,1]},"o":{"k":100},"nm":"Fill 1"},{"ty":"tr","p":{"k":[41.978,13.371],"ix":2},"a":{"k":[0,0],"ix":1},"s":{"k":[100,100],"ix":3},"r":{"k":0,"ix":6},"o":{"k":100,"ix":7},"sk":{"k":0,"ix":4},"sa":{"k":0,"ix":5},"nm":"Transform"}],"nm":"Group 9"},{"ty":"gr","it":[{"ty":"fl","fillEnabled":true,"c":{"k":[0.34,0.35,0.36,1]},"o":{"k":100},"nm":"Fill 1"},{"ty":"tr","p":{"k":[91.684,13.371],"ix":2},"a":{"k":[0,0],"ix":1},"s":{"k":[100,100],"ix":3},"r":{"k":0,"ix":6},"o":{"k":100,"ix":7},"sk":{"k":0,"ix":4},"sa":{"k":0,"ix":5},"nm":"Transform"}],"nm":"Group 11"}],"ip":312,"op":354,"st":-18,"bm":0,"sr":1},{"ddd":0,"ind":3,"ty":4,"nm":"W3","parent":10,"ks":{"o":{"k":[{"t":0,"s":[0],"h":1},{"t":312,"s":[100],"h":1},{"t":352,"s":[0],"h":1}]},"r":{"k":0},"p":{"k":[70.893,35.572,0]},"a":{"k":[70.893,35.572,0]},"s":{"k":[100,100,100]}},"ao":0,"shapes":[{"ty":"gr","it":[{"ind":0,"ty":"sh","ks":{"k":{"i":[[-2.439,0],[0,0],[0,2.439],[0,0],[2.439,0],[0,0],[0,-2.44],[0,0]],"o":[[0,0],[2.439,0],[0,0],[0,-2.44],[0,0],[-2.439,0],[0,0],[0,2.439]],"v":[[-4.107,4.461],[4.107,4.461],[8.524,0.044],[8.524,-0.044],[4.107,-4.461],[-4.107,-4.461],[-8.524,-0.044],[-8.524,0.044]],"c":true}},"nm":"Path 1"},{"ty":"fl","fillEnabled":true,"c":{"k":[1,0.96,0.91,1]},"o":{"k":100},"nm":"Fill 1"},{"ty":"tr","p":{"k":[46.04,13.371],"ix":2},"a":{"k":[0,0],"ix":1},"s":{"k":[100,100],"ix":3},"r":{"k":0,"ix":6},"o":{"k":100,"ix":7},"sk":{"k":0,"ix":4},"sa":{"k":0,"ix":5},"nm":"Transform"}],"nm":"Group 10"},{"ty":"gr","it":[{"ty":"fl","fillEnabled":true,"c":{"k":[1,0.96,0.91,1]},"o":{"k":100},"nm":"Fill 1"},{"ty":"tr","p":{"k":[95.746,13.371],"ix":2},"a":{"k":[0,0],"ix":1},"s":{"k":[100,100],"ix":3},"r":{"k":0,"ix":6},"o":{"k":100,"ix":7},"sk":{"k":0,"ix":4},"sa":{"k":0,"ix":5},"nm":"Transform"}],"nm":"Group 12"}],"ip":312,"op":354,"st":-18,"bm":0,"sr":1},{"ddd":0,"ind":4,"ty":4,"nm":"B","parent":10,"ks":{"o":{"k":[{"t":0,"s":[100],"h":1},{"t":80.4,"s":[0],"h":1},{"t":128.4,"s":[100],"h":1},{"t":140,"s":[0],"h":1},{"t":152,"s":[100],"h":1},{"t":163.199,"s":[0],"h":1},{"t":236,"s":[100],"h":1},{"t":247.199,"s":[0],"h":1},{"t":423.602,"s":[100],"h":1},{"t":434.801,"s":[0],"h":1},{"t":462.801,"s":[100],"h":1},{"t":474,"s":[0],"h":1}]},"r":{"k":0},"p":{"k":[70.893,91.979,0]},"a":{"k":[0,0,0]},"s":{"k":[73.529,73.529,100]}},"ao":0,"shapes":[{"ty":"gr","it":[{"ind":0,"ty":"sh","ks":{"k":{"i":[[0,0],[0,0]],"o":[[0,0],[0,0]],"v":[[-44,-107],[-23,-107]],"c":false}},"nm":"Path 1"},{"ind":1,"ty":"sh","ks":{"k":{"i":[[0,0],[0,0]],"o":[[0,0],[0,0]],"v":[[22.833,-107],[43.833,-107]],"c":false}},"nm":"Path 2"},{"ty":"st","fillEnabled":true,"c":{"k":[0.34,0.35,0.36,1]},"o":{"k":100},"w":{"k":5},"lc":2,"lj":1,"ml":4,"nm":"Stroke 1"},{"ty":"tr","p":{"k":[0,0],"ix":2},"a":{"k":[0,0],"ix":1},"s":{"k":[100,100],"ix":3},"r":{"k":0,"ix":6},"o":{"k":100,"ix":7},"sk":{"k":0,"ix":4},"sa":{"k":0,"ix":5},"nm":"Transform"}],"nm":"Shape 1"}],"ip":0,"op":564,"st":-18,"bm":0,"sr":1},{"ddd":0,"ind":5,"ty":4,"nm":"E2","parent":10,"ks":{"o":{"k":[{"t":0,"s":[0],"h":1},{"t":80.4,"s":[100],"h":1},{"t":128.4,"s":[0],"h":1},{"t":140,"s":[100],"h":1},{"t":152,"s":[0],"h":1},{"t":163.199,"s":[100],"h":1},{"t":236,"s":[0],"h":1},{"t":247.199,"s":[100],"h":1},{"t":312,"s":[0],"h":1},{"t":352,"s":[100],"h":1},{"t":423.602,"s":[0],"h":1},{"t":434.801,"s":[100],"h":1},{"t":462.801,"s":[0],"h":1},{"t":474,"s":[100],"h":1}]},"r":{"k":0},"p":{"k":[{"i":{"x":0.833,"y":0.833},"o":{"x":0.167,"y":0.167},"n":"0p833_0p833_0p167_0p167","t":84,"s":[75.228,35.572,0],"e":[75.228,35.572,0],"to":[0,0,0],"ti":[0,0,0]},{"t":104,"s":[75.228,35.572,0],"h":1},{"t":156,"s":[74.598,35.572,0],"h":1},{"t":190,"s":[75.333,35.572,0],"h":1},{"t":228,"s":[75.228,35.572,0],"h":1},{"t":312,"s":[75.333,35.572,0],"h":1}]},"a":{"k":[70.893,35.572,0]},"s":{"k":[100,100,100]}},"ao":0,"shapes":[{"ty":"gr","it":[{"ind":0,"ty":"sh","ks":{"k":{"i":[[0,2.439],[0,0],[-2.439,0],[0,0],[0,-2.44],[0,0],[2.439,0],[0,0]],"o":[[0,0],[0,-2.44],[0,0],[2.439,0],[0,0],[0,2.439],[0,0],[-2.439,0]],"v":[[-4.462,0.044],[-4.462,-0.045],[-0.045,-4.462],[0.045,-4.462],[4.462,-0.045],[4.462,0.044],[0.045,4.462],[-0.045,4.462]],"c":true}},"nm":"Path 1"},{"ty":"fl","fillEnabled":true,"c":{"k":[0.34,0.35,0.36,1]},"o":{"k":100},"nm":"Fill 1"},{"ty":"tr","p":{"k":[41.978,13.371],"ix":2},"a":{"k":[0,0],"ix":1},"s":{"k":[100,100],"ix":3},"r":{"k":0,"ix":6},"o":{"k":100,"ix":7},"sk":{"k":0,"ix":4},"sa":{"k":0,"ix":5},"nm":"Transform"}],"nm":"Group 9"},{"ty":"gr","it":[{"ind":0,"ty":"sh","ks":{"k":{"i":[[0,2.439],[0,0],[-2.439,0],[0,0],[0,-2.44],[0,0],[2.439,0],[0,0]],"o":[[0,0],[0,-2.44],[0,0],[2.439,0],[0,0],[0,2.439],[0,0],[-2.439,0]],"v":[[-4.462,0.044],[-4.462,-0.045],[-0.045,-4.462],[0.045,-4.462],[4.462,-0.045],[4.462,0.044],[0.045,4.462],[-0.045,4.462]],"c":true}},"nm":"Path 1"},{"ty":"fl","fillEnabled":true,"c":{"k":[0.34,0.35,0.36,1]},"o":{"k":100},"nm":"Fill 1"},{"ty":"tr","p":{"k":[91.684,13.371],"ix":2},"a":{"k":[0,0],"ix":1},"s":{"k":[100,100],"ix":3},"r":{"k":0,"ix":6},"o":{"k":100,"ix":7},"sk":{"k":0,"ix":4},"sa":{"k":0,"ix":5},"nm":"Transform"}],"nm":"Group 11"}],"ip":80,"op":564,"st":-18,"bm":0,"sr":1},{"ddd":0,"ind":6,"ty":4,"nm":"E1","parent":10,"ks":{"o":{"k":[{"t":0,"s":[0],"h":1},{"t":80.4,"s":[100],"h":1},{"t":128.4,"s":[0],"h":1},{"t":140,"s":[100],"h":1},{"t":152,"s":[0],"h":1},{"t":163.199,"s":[100],"h":1},{"t":236,"s":[0],"h":1},{"t":247.199,"s":[100],"h":1},{"t":312,"s":[0],"h":1},{"t":352,"s":[100],"h":1},{"t":423.602,"s":[0],"h":1},{"t":434.801,"s":[100],"h":1},{"t":462.801,"s":[0],"h":1},{"t":474,"s":[100],"h":1}]},"r":{"k":0},"p":{"k":[70.893,35.572,0]},"a":{"k":[70.893,35.572,0]},"s":{"k":[100,100,100]}},"ao":0,"shapes":[{"ty":"gr","it":[{"ind":0,"ty":"sh","ks":{"k":{"i":[[-2.439,0],[0,0],[0,2.439],[0,0],[2.439,0],[0,0],[0,-2.44],[0,0]],"o":[[0,0],[2.439,0],[0,0],[0,-2.44],[0,0],[-2.439,0],[0,0],[0,2.439]],"v":[[-4.107,4.461],[4.107,4.461],[8.524,0.044],[8.524,-0.044],[4.107,-4.461],[-4.107,-4.461],[-8.524,-0.044],[-8.524,0.044]],"c":true}},"nm":"Path 1"},{"ty":"fl","fillEnabled":true,"c":{"k":[1,0.96,0.91,1]},"o":{"k":100},"nm":"Fill 1"},{"ty":"tr","p":{"k":[46.04,13.371],"ix":2},"a":{"k":[0,0],"ix":1},"s":{"k":[100,100],"ix":3},"r":{"k":0,"ix":6},"o":{"k":100,"ix":7},"sk":{"k":0,"ix":4},"sa":{"k":0,"ix":5},"nm":"Transform"}],"nm":"Group 10"},{"ty":"gr","it":[{"ind":0,"ty":"sh","ks":{"k":{"i":[[-2.439,0],[0,0],[0,2.439],[0,0],[2.439,0],[0,0],[0,-2.44],[0,0]],"o":[[0,0],[2.439,0],[0,0],[0,-2.44],[0,0],[-2.439,0],[0,0],[0,2.439]],"v":[[-4.107,4.461],[4.107,4.461],[8.524,0.044],[8.524,-0.044],[4.107,-4.461],[-4.107,-4.461],[-8.524,-0.044],[-8.524,0.044]],"c":true}},"nm":"Path 1"},{"ty":"fl","fillEnabled":true,"c":{"k":[1,0.96,0.91,1]},"o":{"k":100},"nm":"Fill 1"},{"ty":"tr","p":{"k":[95.746,13.371],"ix":2},"a":{"k":[0,0],"ix":1},"s":{"k":[100,100],"ix":3},"r":{"k":0,"ix":6},"o":{"k":100,"ix":7},"sk":{"k":0,"ix":4},"sa":{"k":0,"ix":5},"nm":"Transform"}],"nm":"Group 12"}],"ip":80,"op":564,"st":-18,"bm":0,"sr":1},{"ddd":0,"ind":7,"ty":4,"nm":"S","parent":10,"ks":{"o":{"k":100},"r":{"k":0},"p":{"k":[70.893,35.572,0]},"a":{"k":[70.893,35.572,0]},"s":{"k":[100,100,100]}},"ao":0,"shapes":[{"ty":"gr","it":[{"ind":0,"ty":"sh","ks":{"k":{"i":[[0.867,0.132],[1.362,-0.67],[0,0],[-0.516,-1.05],[-1.369,0.661],[0,0],[-0.733,1.322]],"o":[[-1.494,-0.227],[0,0],[-1.357,0.68],[0.516,1.049],[0,0],[1.363,-0.67],[0.425,-0.767]],"v":[[2.323,-2.694],[-2.067,-2.018],[-2.119,-1.993],[-3.149,1.155],[-0.026,2.259],[0.024,2.236],[3.24,-0.828]],"c":true}},"nm":"Path 1"},{"ty":"fl","fillEnabled":true,"c":{"k":[0.34,0.35,0.36,1]},"o":{"k":100},"nm":"Fill 1"},{"ty":"tr","p":{"k":[26.093,21.583],"ix":2},"a":{"k":[0,0],"ix":1},"s":{"k":[100,100],"ix":3},"r":{"k":0,"ix":6},"o":{"k":100,"ix":7},"sk":{"k":0,"ix":4},"sa":{"k":0,"ix":5},"nm":"Transform"}],"nm":"Group 1"},{"ty":"gr","it":[{"ind":0,"ty":"sh","ks":{"k":{"i":[[0.865,-0.144],[1.087,-1.06],[0,0],[-0.817,-0.837],[-1.096,1.053],[0,0],[-0.286,1.484]],"o":[[-1.491,0.249],[0,0],[-1.079,1.068],[0.816,0.837],[0,0],[1.087,-1.06],[0.166,-0.861]],"v":[[1.733,-3.174],[-2.23,-1.167],[-2.271,-1.128],[-2.272,2.184],[1.04,2.264],[1.08,2.225],[3.184,-1.686]],"c":true}},"nm":"Path 1"},{"ty":"fl","fillEnabled":true,"c":{"k":[0.34,0.35,0.36,1]},"o":{"k":100},"nm":"Fill 1"},{"ty":"tr","p":{"k":[39.598,38.412],"ix":2},"a":{"k":[0,0],"ix":1},"s":{"k":[100,100],"ix":3},"r":{"k":0,"ix":6},"o":{"k":100,"ix":7},"sk":{"k":0,"ix":4},"sa":{"k":0,"ix":5},"nm":"Transform"}],"nm":"Group 2"},{"ty":"gr","it":[{"ind":0,"ty":"sh","ks":{"k":{"i":[[0.65,-0.589],[0.342,-1.48],[0,0],[-1.139,-0.263],[-0.353,1.479],[0,0],[0.562,1.403]],"o":[[-1.12,1.015],[0,0],[-0.33,1.481],[1.139,0.262],[0,0],[0.342,-1.479],[-0.326,-0.814]],"v":[[-0.059,-3.173],[-2.309,0.657],[-2.322,0.713],[-0.532,3.5],[2.298,1.776],[2.31,1.722],[1.966,-2.706]],"c":true}},"nm":"Path 1"},{"ty":"fl","fillEnabled":true,"c":{"k":[0.34,0.35,0.36,1]},"o":{"k":100},"nm":"Fill 1"},{"ty":"tr","p":{"k":[59.443,47.861],"ix":2},"a":{"k":[0,0],"ix":1},"s":{"k":[100,100],"ix":3},"r":{"k":0,"ix":6},"o":{"k":100,"ix":7},"sk":{"k":0,"ix":4},"sa":{"k":0,"ix":5},"nm":"Transform"}],"nm":"Group 3"},{"ty":"gr","it":[{"ind":0,"ty":"sh","ks":{"k":{"i":[[1.357,0.68],[0,0],[1.494,-0.228],[-0.425,-0.766],[-1.363,-0.67],[0,0],[-0.516,1.05]],"o":[[0,0],[-1.363,-0.669],[-0.867,0.131],[0.733,1.322],[0,0],[1.369,0.66],[0.516,-1.049]],"v":[[2.119,-1.993],[2.067,-2.018],[-2.323,-2.693],[-3.24,-0.829],[-0.024,2.236],[0.026,2.26],[3.149,1.154]],"c":true}},"nm":"Path 1"},{"ty":"fl","fillEnabled":true,"c":{"k":[0.34,0.35,0.36,1]},"o":{"k":100},"nm":"Fill 1"},{"ty":"tr","p":{"k":[115.693,21.583],"ix":2},"a":{"k":[0,0],"ix":1},"s":{"k":[100,100],"ix":3},"r":{"k":0,"ix":6},"o":{"k":100,"ix":7},"sk":{"k":0,"ix":4},"sa":{"k":0,"ix":5},"nm":"Transform"}],"nm":"Group 4"},{"ty":"gr","it":[{"ind":0,"ty":"sh","ks":{"k":{"i":[[0,0],[1.491,0.249],[-0.165,-0.861],[-1.087,-1.06],[0,0],[-0.816,0.837],[1.079,1.067]],"o":[[-1.087,-1.06],[-0.865,-0.144],[0.286,1.484],[0,0],[1.096,1.053],[0.817,-0.837],[0,0]],"v":[[2.23,-1.168],[-1.734,-3.174],[-3.184,-1.686],[-1.081,2.227],[-1.041,2.265],[2.271,2.185],[2.27,-1.127]],"c":true}},"nm":"Path 1"},{"ty":"fl","fillEnabled":true,"c":{"k":[0.34,0.35,0.36,1]},"o":{"k":100},"nm":"Fill 1"},{"ty":"tr","p":{"k":[102.188,38.411],"ix":2},"a":{"k":[0,0],"ix":1},"s":{"k":[100,100],"ix":3},"r":{"k":0,"ix":6},"o":{"k":100,"ix":7},"sk":{"k":0,"ix":4},"sa":{"k":0,"ix":5},"nm":"Transform"}],"nm":"Group 5"},{"ty":"gr","it":[{"ind":0,"ty":"sh","ks":{"k":{"i":[[0,0],[1.12,1.015],[0.326,-0.813],[-0.341,-1.48],[0,0],[-1.139,0.263],[0.33,1.481]],"o":[[-0.341,-1.479],[-0.649,-0.588],[-0.562,1.403],[0,0],[0.353,1.478],[1.14,-0.263],[0,0]],"v":[[2.309,0.656],[0.059,-3.174],[-1.967,-2.707],[-2.311,1.722],[-2.299,1.776],[0.532,3.499],[2.321,0.713]],"c":true}},"nm":"Path 1"},{"ty":"fl","fillEnabled":true,"c":{"k":[0.34,0.35,0.36,1]},"o":{"k":100},"nm":"Fill 1"},{"ty":"tr","p":{"k":[82.343,47.862],"ix":2},"a":{"k":[0,0],"ix":1},"s":{"k":[100,100],"ix":3},"r":{"k":0,"ix":6},"o":{"k":100,"ix":7},"sk":{"k":0,"ix":4},"sa":{"k":0,"ix":5},"nm":"Transform"}],"nm":"Group 6"}],"ip":0,"op":564,"st":-18,"bm":0,"sr":1},{"ddd":0,"ind":8,"ty":4,"nm":"MthCl","parent":10,"ks":{"o":{"k":100},"r":{"k":0},"p":{"k":[70.893,91.987,0]},"a":{"k":[0,0,0]},"s":{"k":[73.529,73.557,100]}},"ao":0,"shapes":[{"ty":"gr","it":[{"ind":0,"ty":"sh","ks":{"k":{"i":[[0,0],[-7.875,0],[-2.958,1.25]],"o":[[2.875,1.25],[7.875,0],[0,0]],"v":[[-16.625,-88.125],[0.125,-84.375],[16.625,-88.125]],"c":false}},"nm":"Path 1"},{"ty":"st","fillEnabled":true,"c":{"k":[0.34,0.35,0.36,1]},"o":{"k":100},"w":{"k":4},"lc":2,"lj":1,"ml":4,"nm":"Stroke 1"},{"ty":"tr","p":{"k":[0,0],"ix":2},"a":{"k":[0,0],"ix":1},"s":{"k":[100,100],"ix":3},"r":{"k":0,"ix":6},"o":{"k":100,"ix":7},"sk":{"k":0,"ix":4},"sa":{"k":0,"ix":5},"nm":"Transform"}],"nm":"Shape 1"}],"ip":0,"op":120,"st":-136,"bm":0,"sr":1},{"ddd":0,"ind":9,"ty":4,"nm":"Mth","parent":10,"ks":{"o":{"k":100},"r":{"k":0},"p":{"k":[70.893,35.572,0]},"a":{"k":[70.893,35.572,0]},"s":{"k":[100,100,100]}},"ao":0,"shapes":[{"ty":"gr","it":[{"ind":0,"ty":"sh","ks":{"k":[{"i":{"x":0,"y":1},"o":{"x":0.167,"y":0.167},"n":"0_1_0p167_0p167","t":118,"s":[{"i":[[3.739,0],[2.667,0.395],[-0.491,-0.159],[-0.019,-0.006],[-0.522,-0.156],[-0.081,-0.024],[-0.228,-0.066],[-0.141,-0.04],[-0.13,-0.036],[-0.171,-0.047],[-0.109,-0.029],[-0.256,-0.067],[-0.098,-0.025],[-0.268,-0.005],[-0.041,-0.001],[-0.317,-0.003],[-0.082,-0.001],[-0.332,0],[-0.259,0.002],[-0.088,0.001],[-0.168,0.002],[-0.103,0.001],[-0.148,0.003],[-0.105,0.025],[-0.133,0.032],[-0.108,0.026],[-0.125,0.031],[-0.108,0.027],[-0.117,0.03],[-0.109,0.028],[-0.105,0.027],[-0.114,0.03],[-0.054,0.015],[-0.283,0.079],[-0.054,0.015],[-0.131,0.038],[-0.062,0.018],[-0.124,0.037],[-0.06,0.018],[-0.12,0.037],[-0.053,0.016],[-0.117,0.037],[-0.046,0.015],[-0.117,0.038],[-0.032,0.011],[-0.118,0.04]],"o":[[-3.74,0],[0.418,0.15],[0.019,0.006],[0.465,0.151],[0.079,0.024],[0.218,0.065],[0.137,0.039],[0.127,0.036],[0.166,0.046],[0.107,0.029],[0.249,0.067],[0.097,0.025],[0.255,0.066],[0.041,0.001],[0.31,0.005],[0.082,0.001],[0.326,0.003],[0.263,0],[0.088,-0.001],[0.17,-0.001],[0.104,-0.001],[0.15,-0.002],[0.109,-0.002],[0.135,-0.032],[0.109,-0.026],[0.127,-0.031],[0.11,-0.027],[0.118,-0.03],[0.111,-0.029],[0.107,-0.028],[0.116,-0.031],[0.055,-0.015],[0.297,-0.08],[0.055,-0.015],[0.134,-0.038],[0.063,-0.018],[0.127,-0.037],[0.061,-0.018],[0.124,-0.037],[0.054,-0.016],[0.122,-0.038],[0.047,-0.015],[0.121,-0.039],[0.033,-0.011],[0.125,-0.041],[-2.673,0.353]],"v":[[-0.002,-1.882],[-9.593,-3.102],[-8.227,-2.636],[-8.171,-2.618],[-6.689,-2.158],[-6.45,-2.087],[-5.78,-1.891],[-5.366,-1.773],[-4.98,-1.665],[-4.475,-1.526],[-4.151,-1.438],[-3.392,-1.236],[-3.099,-1.16],[-2.301,-1.093],[-2.178,-1.091],[-1.236,-1.079],[-0.989,-1.077],[-0.003,-1.073],[0.78,-1.075],[1.043,-1.077],[1.551,-1.082],[1.86,-1.086],[2.308,-1.094],[2.771,-1.086],[3.173,-1.183],[3.498,-1.262],[3.877,-1.356],[4.204,-1.438],[4.556,-1.527],[4.889,-1.613],[5.205,-1.695],[5.552,-1.787],[5.714,-1.831],[6.583,-2.069],[6.749,-2.115],[7.145,-2.228],[7.333,-2.282],[7.709,-2.392],[7.891,-2.446],[8.257,-2.557],[8.418,-2.607],[8.777,-2.719],[8.915,-2.763],[9.272,-2.878],[9.37,-2.911],[9.737,-3.034]],"c":true}],"e":[{"i":[[3.739,0],[2.687,-2.206],[-0.514,-0.438],[-0.02,-0.016],[-0.544,-0.336],[-0.084,-0.048],[-0.237,-0.12],[-0.146,-0.067],[-0.135,-0.057],[-0.177,-0.066],[-0.113,-0.038],[-0.265,-0.072],[-0.101,-0.025],[-0.268,-0.048],[-0.041,-0.007],[-0.317,-0.03],[-0.082,-0.006],[-0.332,0],[-0.259,0.016],[-0.088,0.007],[-0.168,0.02],[-0.103,0.015],[-0.148,0.027],[-0.108,0.022],[-0.137,0.033],[-0.111,0.03],[-0.129,0.039],[-0.111,0.037],[-0.121,0.044],[-0.113,0.046],[-0.108,0.047],[-0.118,0.055],[-0.056,0.027],[-0.293,0.172],[-0.056,0.035],[-0.136,0.09],[-0.064,0.045],[-0.129,0.096],[-0.062,0.048],[-0.125,0.105],[-0.055,0.048],[-0.122,0.115],[-0.048,0.046],[-0.122,0.126],[-0.034,0.036],[-0.124,0.145]],"o":[[-3.74,0],[0.441,0.511],[0.02,0.016],[0.487,0.41],[0.082,0.051],[0.227,0.134],[0.142,0.073],[0.132,0.062],[0.172,0.073],[0.111,0.041],[0.258,0.088],[0.1,0.027],[0.263,0.064],[0.041,0.008],[0.31,0.052],[0.082,0.007],[0.326,0.025],[0.263,0],[0.088,-0.005],[0.17,-0.013],[0.104,-0.012],[0.15,-0.022],[0.109,-0.02],[0.139,-0.029],[0.112,-0.027],[0.131,-0.035],[0.113,-0.034],[0.122,-0.041],[0.115,-0.043],[0.11,-0.044],[0.12,-0.052],[0.057,-0.027],[0.307,-0.15],[0.057,-0.034],[0.139,-0.085],[0.065,-0.043],[0.132,-0.091],[0.063,-0.047],[0.129,-0.1],[0.056,-0.047],[0.127,-0.109],[0.049,-0.045],[0.126,-0.121],[0.035,-0.037],[0.131,-0.139],[-2.687,-2.204]],"v":[[0.002,-4.034],[-9.858,-0.499],[-8.423,0.927],[-8.363,0.976],[-6.815,2.095],[-6.567,2.243],[-5.87,2.624],[-5.44,2.836],[-5.039,3.012],[-4.516,3.219],[-4.18,3.342],[-3.395,3.58],[-3.093,3.657],[-2.298,3.827],[-2.174,3.852],[-1.232,3.972],[-0.986,3.992],[0.001,4.034],[0.784,4.009],[1.047,3.987],[1.555,3.939],[1.864,3.896],[2.312,3.825],[2.637,3.761],[3.051,3.668],[3.385,3.583],[3.775,3.47],[4.113,3.364],[4.476,3.235],[4.82,3.105],[5.146,2.966],[5.505,2.809],[5.672,2.725],[6.572,2.242],[6.743,2.142],[7.155,1.877],[7.349,1.748],[7.741,1.466],[7.93,1.325],[8.31,1.018],[8.478,0.875],[8.853,0.54],[8.997,0.403],[9.37,0.034],[9.474,-0.077],[9.858,-0.501]],"c":true}]},{"t":134}]},"nm":"Path 1"},{"ty":"fl","fillEnabled":true,"c":{"k":[1,0.67,0.57,1]},"o":{"k":100},"nm":"Fill 1"},{"ty":"tr","p":{"k":[70.892,31.078],"ix":2},"a":{"k":[0,0],"ix":1},"s":{"k":[100,100],"ix":3},"r":{"k":0,"ix":6},"o":{"k":100,"ix":7},"sk":{"k":0,"ix":4},"sa":{"k":0,"ix":5},"nm":"Transform"}],"nm":"Group 7"},{"ty":"gr","it":[{"ind":0,"ty":"sh","ks":{"k":[{"i":{"x":0,"y":1},"o":{"x":0.167,"y":0.167},"n":"0_1_0p167_0p167","t":118,"s":[{"i":[[1.658,-0.941],[3.513,1.319],[-0.426,-0.278],[-1.88,-0.611],[0.419,0.15],[-3.74,0],[-2.673,0.353],[0.125,-0.041],[-0.359,0.134],[0.008,-0.002],[-0.011,0.003],[-0.351,0.222]],"o":[[-8.469,3.434],[-1.789,-0.668],[0.626,0.41],[-0.491,-0.159],[2.668,0.395],[3.738,0],[-0.119,0.041],[0.435,-0.144],[-0.008,0.002],[0.011,-0.003],[0.77,-0.288],[0.429,-0.271]],"v":[[9.611,0.159],[-9.453,0.093],[-12.119,-0.173],[-8.227,1.401],[-9.594,0.936],[-0.002,2.156],[9.737,1.004],[9.37,1.127],[10.566,0.708],[10.542,0.714],[10.575,0.706],[12.281,-0.066]],"c":true}],"e":[{"i":[[1.802,0],[0,0],[-0.478,-1.738],[-1.97,-1.674],[0.442,0.512],[-3.74,0],[-2.687,-2.205],[0.131,-0.139],[-0.379,0.549],[0.008,-0.003],[-0.011,0.004],[-0.39,1.418]],"o":[[0,0],[-1.802,0],[0.703,2.561],[-0.514,-0.438],[2.688,-2.205],[3.738,0],[-0.125,0.144],[0.456,-0.484],[-0.008,0.003],[0.011,-0.005],[0.814,-1.182],[0.477,-1.738]],"v":[[9.915,-4.964],[-9.913,-4.964],[-12.57,-1.512],[-8.422,4.964],[-9.859,3.538],[0.002,0.005],[9.858,3.536],[9.474,3.96],[10.732,2.411],[10.707,2.42],[10.741,2.408],[12.572,-1.512]],"c":true}]},{"t":134}]},"nm":"Path 1"},{"ty":"fl","fillEnabled":true,"c":{"k":[0.34,0.35,0.36,1]},"o":{"k":100},"nm":"Fill 1"},{"ty":"tr","p":{"k":[70.893,27.04],"ix":2},"a":{"k":[0,0],"ix":1},"s":{"k":[100,100],"ix":3},"r":{"k":0,"ix":6},"o":{"k":100,"ix":7},"sk":{"k":0,"ix":4},"sa":{"k":0,"ix":5},"nm":"Transform"}],"nm":"Group 8"}],"ip":120,"op":564,"st":-136,"bm":0,"sr":1},{"ddd":0,"ind":10,"ty":4,"nm":"Bdy","parent":11,"ks":{"o":{"k":100},"r":{"k":[{"i":{"x":[0.22],"y":[1]},"o":{"x":[0.167],"y":[0]},"n":["0p22_1_0p167_0"],"t":288,"s":[0],"e":[-2.4]},{"i":{"x":[0],"y":[1]},"o":{"x":[0.333],"y":[0]},"n":["0_1_0p333_0"],"t":306,"s":[-2.4],"e":[7.9]},{"i":{"x":[0.667],"y":[0.667]},"o":{"x":[0.333],"y":[0.333]},"n":["0p667_0p667_0p333_0p333"],"t":328,"s":[7.9],"e":[7.9]},{"i":{"x":[0.494],"y":[1]},"o":{"x":[0.604],"y":[0]},"n":["0p494_1_0p604_0"],"t":342,"s":[7.9],"e":[-2.6]},{"i":{"x":[0.379],"y":[1]},"o":{"x":[0.571],"y":[0]},"n":["0p379_1_0p571_0"],"t":362,"s":[-2.6],"e":[0]},{"t":384}]},"p":{"k":[{"i":{"x":0.833,"y":0.833},"o":{"x":0.167,"y":0.167},"n":"0p833_0p833_0p167_0p167","t":49.199,"s":[130.6,60,0],"e":[115.364,60,0],"to":[0,0,0],"ti":[0,0,0]},{"i":{"x":0.833,"y":0.833},"o":{"x":0.167,"y":0.167},"n":"0p833_0p833_0p167_0p167","t":52.156,"s":[115.364,60,0],"e":[97.194,60,0],"to":[0,0,0],"ti":[0,0,0]},{"i":{"x":0.833,"y":0.833},"o":{"x":0.167,"y":0.167},"n":"0p833_0p833_0p167_0p167","t":56.582,"s":[97.194,60,0],"e":[87.163,60,0],"to":[0,0,0],"ti":[0,0,0]},{"i":{"x":0.833,"y":0.833},"o":{"x":0.167,"y":0.167},"n":"0p833_0p833_0p167_0p167","t":59.539,"s":[87.163,60,0],"e":[60,60,0],"to":[0,0,0],"ti":[0,0,0]},{"i":{"x":0,"y":1},"o":{"x":0.167,"y":0.167},"n":"0_1_0p167_0p167","t":68.4,"s":[60,60,0],"e":[51.3,60,0],"to":[0,0,0],"ti":[0,0,0]},{"i":{"x":0.667,"y":1},"o":{"x":0.486,"y":0},"n":"0p667_1_0p486_0","t":82.801,"s":[51.3,60,0],"e":[66.902,60,0],"to":[0,0,0],"ti":[0,0,0]},{"i":{"x":0.667,"y":1},"o":{"x":0.333,"y":0},"n":"0p667_1_0p333_0","t":118.801,"s":[66.902,60,0],"e":[60,60,0],"to":[0,0,0],"ti":[0,0,0]},{"i":{"x":0.833,"y":0.833},"o":{"x":0.333,"y":0.333},"n":"0p833_0p833_0p333_0p333","t":152.4,"s":[60,60,0],"e":[60,60,0],"to":[0,0,0],"ti":[0,0,0]},{"i":{"x":0,"y":0},"o":{"x":0.167,"y":0.167},"n":"0_0_0p167_0p167","t":193.199,"s":[60,60,0],"e":[60,60,0],"to":[0,0,0],"ti":[0,0,0]},{"i":{"x":0.833,"y":0.833},"o":{"x":0.59,"y":0.59},"n":"0p833_0p833_0p59_0p59","t":200.4,"s":[60,60,0],"e":[60,60,0],"to":[0,0,0],"ti":[0,0,0]},{"i":{"x":0,"y":1},"o":{"x":0.167,"y":0.167},"n":"0_1_0p167_0p167","t":202.801,"s":[60,60,0],"e":[60,37.941,0],"to":[0,0,0],"ti":[0,0,0]},{"i":{"x":0.833,"y":0.833},"o":{"x":1,"y":0},"n":"0p833_0p833_1_0","t":212.4,"s":[60,37.941,0],"e":[60,60,0],"to":[0,0,0],"ti":[0,0,0]},{"i":{"x":0,"y":0},"o":{"x":0.167,"y":0.167},"n":"0_0_0p167_0p167","t":224.4,"s":[60,60,0],"e":[60,60,0],"to":[0,0,0],"ti":[0,0,0]},{"i":{"x":0,"y":0},"o":{"x":1,"y":1},"n":"0_0_1_1","t":229.199,"s":[60,60,0],"e":[60,60,0],"to":[0,0,0],"ti":[0,0,0]},{"t":238.80078125}]},"a":{"k":[70.893,70.893,0]},"s":{"k":[{"i":{"x":[0,0,0],"y":[0,1,0]},"o":{"x":[0.167,0.167,0.167],"y":[0.167,0.167,0.167]},"n":["0_0_0p167_0p167","0_1_0p167_0p167","0_0_0p167_0p167"],"t":193.199,"s":[100,100,100],"e":[100,90,100]},{"i":{"x":[0.833,0.833,0.833],"y":[0.833,0.833,0.833]},"o":{"x":[0.59,0.59,0.59],"y":[0.59,0,0.59]},"n":["0p833_0p833_0p59_0p59","0p833_0p833_0p59_0","0p833_0p833_0p59_0p59"],"t":200.4,"s":[100,90,100],"e":[100,107.3,100]},{"i":{"x":[0,0,0],"y":[0,1,0]},"o":{"x":[0.167,0.167,0.167],"y":[0.167,0.167,0.167]},"n":["0_0_0p167_0p167","0_1_0p167_0p167","0_0_0p167_0p167"],"t":202.801,"s":[100,107.3,100],"e":[100,100,100]},{"i":{"x":[0.833,0.833,0.833],"y":[0.833,0.833,0.833]},"o":{"x":[1,1,1],"y":[1,0,1]},"n":["0p833_0p833_1_1","0p833_0p833_1_0","0p833_0p833_1_1"],"t":212.4,"s":[100,100,100],"e":[100,103,100]},{"i":{"x":[0,0,0],"y":[0,1,0]},"o":{"x":[0.167,0.167,0.167],"y":[0.167,0.167,0.167]},"n":["0_0_0p167_0p167","0_1_0p167_0p167","0_0_0p167_0p167"],"t":224.4,"s":[100,103,100],"e":[100,85.4,100]},{"i":{"x":[0,0,0],"y":[0,1,0]},"o":{"x":[1,1,1],"y":[1,0,1]},"n":["0_0_1_1","0_1_1_0","0_0_1_1"],"t":229.199,"s":[100,85.4,100],"e":[100,100,100]},{"t":238.80078125}]}},"ao":0,"shapes":[{"ty":"gr","it":[{"ind":0,"ty":"sh","ks":{"k":{"i":[[0,0],[34.278,0],[0,34.278]],"o":[[0,34.278],[-34.277,0],[0,0]],"v":[[62.065,-31.033],[0,31.033],[-62.065,-31.033]],"c":true}},"nm":"Path 1"},{"ty":"fl","fillEnabled":true,"c":{"k":[1,0.35,0.37,1]},"o":{"k":100},"nm":"Fill 1"},{"ty":"tr","p":{"k":[70.893,31.283],"ix":2},"a":{"k":[0,0],"ix":1},"s":{"k":[100,100],"ix":3},"r":{"k":0,"ix":6},"o":{"k":100,"ix":7},"sk":{"k":0,"ix":4},"sa":{"k":0,"ix":5},"nm":"Transform"}],"nm":"Group 13"},{"ty":"gr","it":[{"ind":0,"ty":"sh","ks":{"k":{"i":[[0,0],[-13.343,-13.342],[-18.869,0],[-13.343,13.343],[0,18.87]],"o":[[0,18.87],[13.343,13.343],[18.869,0],[13.343,-13.342],[0,0]],"v":[[-70.643,-35.322],[-49.952,14.631],[0,35.322],[49.952,14.631],[70.643,-35.322]],"c":true}},"nm":"Path 1"},{"ty":"fl","fillEnabled":true,"c":{"k":[0.55,0.88,0.44,1]},"o":{"k":100},"nm":"Fill 1"},{"ty":"tr","p":{"k":[70.893,35.572],"ix":2},"a":{"k":[0,0],"ix":1},"s":{"k":[100,100],"ix":3},"r":{"k":0,"ix":6},"o":{"k":100,"ix":7},"sk":{"k":0,"ix":4},"sa":{"k":0,"ix":5},"nm":"Transform"}],"nm":"Group 14"}],"ip":0,"op":564,"st":-18,"bm":0,"sr":1},{"ddd":0,"ind":11,"ty":3,"nm":"NULL CONTROL","parent":0,"ks":{"o":{"k":0},"r":{"k":[{"i":{"x":[0.833],"y":[0.833]},"o":{"x":[0.167],"y":[0.167]},"n":["0p833_0p833_0p167_0p167"],"t":49.199,"s":[-90],"e":[0]},{"i":{"x":[0],"y":[1]},"o":{"x":[0.167],"y":[0.167]},"n":["0_1_0p167_0p167"],"t":68.4,"s":[0],"e":[12]},{"i":{"x":[0.667],"y":[1]},"o":{"x":[0.486],"y":[0]},"n":["0p667_1_0p486_0"],"t":82.801,"s":[12],"e":[-10.982]},{"i":{"x":[0.667],"y":[1]},"o":{"x":[0.333],"y":[0]},"n":["0p667_1_0p333_0"],"t":118.801,"s":[-10.982],"e":[0]},{"t":152.400390625}]},"p":{"k":[{"i":{"x":0.833,"y":0.833},"o":{"x":0.167,"y":0.167},"n":"0p833_0p833_0p167_0p167","t":49.199,"s":[130.455,59.867,0],"e":[170.455,59.867,0],"to":[4.71404361724854,0,0],"ti":[0,0,0]},{"i":{"x":0,"y":1},"o":{"x":0.167,"y":0.167},"n":"0_1_0p167_0p167","t":68.4,"s":[170.455,59.867,0],"e":[178.433,59.867,0],"to":[0,0,0],"ti":[0,0,0]},{"i":{"x":0.667,"y":1},"o":{"x":0.486,"y":0},"n":"0p667_1_0p486_0","t":82.801,"s":[178.433,59.867,0],"e":[166.471,59.867,0],"to":[0,0,0],"ti":[0,0,0]},{"i":{"x":0.667,"y":1},"o":{"x":0.333,"y":0},"n":"0p667_1_0p333_0","t":118.801,"s":[166.471,59.867,0],"e":[170.455,59.867,0],"to":[0,0,0],"ti":[0,0,0]},{"t":152.400390625}]},"a":{"k":[60,60,0]},"s":{"k":[100,100,100]}},"ao":0,"ip":0,"op":564,"st":-18,"bm":0,"sr":1}],"v":"4.4.26","ddd":0,"ip":0,"op":563,"fr":60,"w":100,"h":100}
